{
    "niter": 6295,
    "logz": -323.2888301053922,
    "logzerr": 0.4260799589140325,
    "logz_bs": -323.3366017838413,
    "logz_single": -323.2888301053922,
    "logzerr_tail": 0.4055420331371806,
    "logzerr_bs": 0.13068967345259352,
    "ess": 990.3928992139689,
    "H": 13.288229436378003,
    "Herr": 0.12590112474961906,
    "posterior": {
        "mean": [
            0.39621242706562443,
            51.22148469645625,
            0.25,
            2.070502708932121
        ],
        "stdev": [
            0.0010893065374591863,
            28.217629773353334,
            0.0,
            0.04121934955896992
        ],
        "median": [
            0.3961897278361008,
            52.19905056192537,
            0.25,
            2.071490035345806
        ],
        "errlo": [
            0.3951377437647187,
            18.17367420066167,
            0.25,
            2.0283713800893914
        ],
        "errup": [
            0.3973117950667065,
            84.1338641272912,
            0.25,
            2.1106318164135103
        ],
        "information_gain_bits": [
            4.14647919764959,
            -5.175407392095678,
            -5.163774059004818,
            4.084294838044436
        ]
    },
    "maximum_likelihood": {
        "logl": -308.8064503850812,
        "point": [
            0.3960720133114302,
            99.02911453672297,
            0.25,
            2.0759726226113817
        ],
        "point_untransformed": [
            0.1980360066557151,
            0.9901930761285148,
            0.10335598604699758,
            0.08303890490445527
        ]
    },
    "ncall": 26536,
    "paramnames": [
        "b",
        "a",
        "g",
        "i0"
    ],
    "logzerr_single": 0.18226511896395595,
    "insertion_order_MWW_test": {
        "independent_iterations": Infinity,
        "converged": true
    }
}